{
  "features": [
    {
      "name": "turtlehead-tacos",
      "templateType": "JS",
      "staticPage": {
        "plugin": {}
      }
    },
    {
      "name": "location",
      "streamId": "locations",
      "templateType": "JS",
      "entityPageSet": {
        "plugin": {}
      }
    }
  ],
  "streams": [
    {
      "$id": "locations",
      "fields": [
        "id",
        "uid",
        "meta",
        "name",
        "address",
        "mainPhone",
        "description",
        "hours",
        "slug",
        "timezone",
        "yextDisplayCoordinate",
        "services"
      ],
      "filter": {
        "savedFilterIds": [
          "953846729"
        ]
      },
      "localization": {
        "locales": [
          "en"
        ],
        "primary": false
      }
    }
  ]
}